{"roll": 315.00235835207667, "pitch": -1.570714004777579}